target_id,n_atoms,raw_clash_pass,solv_clash_pass,raw_valid,solv_valid,rmsd_to_input,pocket_distance,runtime_seconds
5S8I_2LY,13,False,False,False,False,0.714549720287323,1.5039740862788609,2.9418253898620605
5SAK_ZRY,18,False,True,False,True,0.6519949436187744,1.042636709615094,2.6130762100219727
5SB2_1K2,30,False,True,False,True,1.3413665294647217,0.6196689763739578,2.9060115814208984
5SD5_HWI,29,False,False,False,False,1.497211217880249,1.0016651571073534,1.7134358882904053
5SIS_JSM,32,False,False,False,False,1.9402363300323486,0.39355931604061906,2.159858226776123
6M2B_EZO,25,False,False,False,False,1.0337622165679932,1.224399553418436,1.8848567008972168
6M73_FNR,31,False,False,False,False,1.2926236391067505,0.6531233520169619,2.4485652446746826
6T88_MWQ,10,False,False,False,False,0.7091615200042725,0.4955128081750265,3.942811965942383
6TW5_9M2,31,False,False,False,False,0.8704569935798645,0.889568514743427,4.398220777511597
6TW7_NZB,29,False,True,False,True,1.0864759683609009,1.1824085320036237,2.2077548503875732
6VS3_R6V,36,False,True,False,True,1.8853099346160889,0.9291936015277414,2.953852653503418
6VTA_AKN,40,False,False,False,False,1.7621941566467285,0.5713084726701882,2.309190034866333
6W59_SZD,32,False,True,False,True,2.151437997817993,2.9300195842843446,1.2189404964447021
6WTN_RXT,23,False,True,False,True,0.9988195300102234,0.4446092201217444,2.0517773628234863
6X8D_ARA,10,False,True,False,True,0.8007862567901611,1.5618547520688753,1.0020973682403564
6XAF_GDP,28,False,False,False,False,0.7121463418006897,1.473222313849983,1.2108635902404785
6XBO_5MC,22,False,True,False,True,1.4634299278259277,0.29943896369305467,2.189185380935669
6XCT_478,35,False,True,False,True,1.8680676221847534,0.9260398695886817,4.3631672859191895
6XG5_TOP,21,False,False,False,False,0.9963189363479614,0.7374269980078225,1.63995361328125
6XHT_V2V,34,False,False,False,False,1.0600835084915161,0.5164175742177858,3.174129009246826
6XM9_V55,11,False,False,False,False,0.6833367943763733,0.7456646155774228,2.235614776611328
6XUM_30L,25,False,True,False,True,1.1882026195526123,0.6616564352437277,2.1776978969573975
6Y7L_QMG,25,False,True,False,True,0.7746226191520691,0.5559231568293145,0.7528109550476074
6YDY_K73,28,False,True,False,True,3.3384430408477783,1.7991151863825305,1.6311964988708496
6YJA_2BA,44,False,False,False,False,0.7788677215576172,0.9968595369172697,1.5899181365966797
6YMS_OZH,35,False,False,False,False,1.6168190240859985,0.8214266288861116,4.091232538223267
6YQV_8K2,10,False,True,False,True,0.8862674832344055,0.7056978988941958,2.283142566680908
6YQW_82I,11,False,True,False,True,0.9034533500671387,1.4254538245694435,1.1005761623382568
6YR2_T1C,42,False,False,False,False,1.3488802909851074,0.759005876007815,3.201451063156128
6YRV_PJ8,17,False,True,False,True,1.2352510690689087,0.3405584198821234,2.109344244003296
6YSP_PAL,16,False,False,False,False,1.67731773853302,0.3796708631724361,8.76032543182373
6YT6_PKE,31,False,True,False,True,0.8582671880722046,0.573584408765537,2.0252344608306885
6YYO_Q1K,19,False,True,False,True,0.7024512887001038,1.2149211357249672,1.3942010402679443
6Z0R_Q4H,9,False,False,False,False,0.7250457406044006,1.1177195285130124,1.352745771408081
6Z14_Q4Z,18,False,True,False,True,1.3394641876220703,0.2855267998194294,1.9223570823669434
6Z1C_7EY,22,False,True,False,True,1.5588661432266235,0.6519430609908092,1.5487151145935059
6Z2C_Q5E,26,False,False,False,False,1.0438541173934937,1.10598021468082,2.0682625770568848
6Z4N_Q7B,20,False,True,False,True,0.7690283060073853,0.6449647439408386,1.9118261337280273
6Z5Z_BDF,12,False,True,False,True,0.7928683161735535,0.8601545827633613,0.6055021286010742
6ZAE_ACV,24,False,False,False,False,2.6533010005950928,1.2319391458021682,6.787863254547119
6ZC3_JOR,15,False,True,False,True,1.0546135902404785,0.4166239665819618,1.2720324993133545
6ZCY_QF8,33,True,True,True,True,0.4315037429332733,1.6264286268860273,1.5046508312225342
6ZK5_IMH,19,False,False,False,False,0.9431601762771606,1.032891629481716,1.8304443359375
6ZPB_3D1,18,False,False,False,False,0.8842549920082092,0.7762712489431068,1.4824659824371338
6ZR8_QOZ,33,False,False,False,False,1.6520373821258545,0.34454029224898225,1.7560794353485107
6ZT2_QPK,10,False,False,False,False,0.6523446440696716,1.1443349890226393,0.9024806022644043
6ZX3_QRZ,24,False,False,False,False,1.2627060413360596,0.4963162135698399,1.7373812198638916
6ZXQ_IMO,27,False,True,False,True,1.0860716104507446,0.483961352062205,2.3211817741394043
7A1P_QW2,13,False,True,False,True,1.3476946353912354,0.6250964892803201,4.1297619342803955
7A9E_R4W,6,False,True,False,True,0.7419925332069397,0.5284055184715157,0.8445467948913574
