pdb_id,target_id,pkd,n_pocket_atoms,n_ligand_atoms,n_sidechain_torsions,n_ligand_torsions,clashes_initial,clashes_rigid,clashes_induced_fit,energy_rigid,energy_induced_fit,delta_delta_e,rmsd_rigid,rmsd_induced_fit,sidechain_rmsd,max_sidechain_disp,max_bond_distortion,runtime_rigid_sec,runtime_induced_sec
4llx,1,2.89,458,9,90,0,0,0,0,40.78,40.02,-0.76,1.944,1.807,0.29,1.192,5e-06,1.37,2.74
2v00,2,3.66,510,16,96,3,6,3,0,212.74,71.8,-140.94,1.451,0.924,0.548,3.025,2e-06,0.12,3.09
4m0z,3,5.19,555,78,137,16,15,3,1,224.03,90.95,-133.09,1.845,1.249,0.535,2.861,4e-06,0.25,4.63
4cr9,4,4.1,397,13,79,0,0,0,0,44.21,45.22,1.0,1.842,0.972,0.309,1.254,9e-06,0.1,2.23
5aba,5,2.98,313,46,61,6,4,0,0,60.61,29.77,-30.84,1.788,2.338,0.366,1.379,1.3e-05,0.11,1.85
3bgz,6,6.26,481,24,108,3,1,0,0,90.27,90.29,0.02,1.881,1.653,0.377,1.876,4e-06,0.13,3.3
3mss,7,4.66,720,148,172,32,4,0,0,197.15,153.69,-43.46,1.9,1.458,0.507,3.187,1e-05,0.27,6.35
3wtj,8,6.53,531,80,107,20,1,0,0,102.22,76.9,-25.32,1.906,1.229,0.358,1.295,5e-06,0.16,3.69
1a30,9,4.3,529,49,110,15,1,1,0,100.87,84.28,-16.59,1.965,1.766,0.478,3.506,4e-06,0.16,3.59
4lzs,10,4.8,375,15,80,4,0,0,0,52.83,47.16,-5.67,1.384,1.186,0.351,1.477,1e-05,0.1,1.85
1ps3,11,2.28,494,16,113,1,8,1,0,297.65,135.62,-162.03,1.464,0.886,1.033,4.957,1e-05,0.09,3.07
3l7b,12,2.4,762,24,170,11,3,1,0,32.12,-3.83,-35.95,1.68,2.13,0.478,2.702,5e-06,0.15,5.76
2w66,13,4.05,534,16,109,3,9,4,0,284.35,113.37,-170.98,1.771,1.14,0.56,2.51,2e-06,0.12,3.24
3aru,14,3.22,457,20,83,5,0,0,0,67.55,66.43,-1.13,1.967,1.491,0.47,2.87,3e-06,0.11,2.52
4ih5,15,4.11,553,17,108,3,1,0,0,75.38,75.42,0.04,1.786,1.829,0.384,1.828,5e-06,0.13,3.3
1gpk,16,5.37,623,18,123,1,0,0,0,76.29,70.0,-6.29,1.617,1.041,0.549,3.206,1e-05,0.12,3.7
3f3a,17,4.19,261,20,49,9,1,0,0,40.17,41.67,1.5,1.777,1.982,0.263,1.682,4e-06,0.08,1.53
2wbg,18,4.45,681,22,138,8,4,1,0,225.92,154.39,-71.54,1.691,0.882,0.421,2.513,2e-06,0.14,4.54
3udh,19,2.85,426,14,87,0,0,0,0,42.44,52.71,10.27,2.002,1.711,0.556,3.514,6e-06,0.1,2.46
4jfs,20,5.27,505,17,110,2,5,0,0,160.9,105.62,-55.28,1.727,0.881,0.649,3.49,4e-06,0.12,3.21
3rr4,21,4.55,485,18,100,2,3,1,0,201.93,163.39,-38.54,1.356,0.881,0.472,2.414,3e-06,0.12,2.94
4dli,22,5.62,401,21,98,3,2,0,0,52.79,48.43,-4.36,1.15,0.975,0.46,2.41,3e-06,0.11,2.77
4owm,23,2.96,507,22,91,7,1,0,0,-34.34,-5.96,28.38,1.908,1.387,0.31,1.328,4e-06,0.11,2.89
3gv9,24,2.12,415,12,84,3,2,0,0,83.24,91.69,8.45,1.475,1.172,0.619,3.536,4e-06,0.11,2.43
2hb1,25,3.8,450,14,111,4,2,0,0,103.93,70.24,-33.68,1.794,0.969,0.786,3.252,5e-06,0.11,3.16
1q8t,26,4.76,572,18,135,4,0,0,0,74.43,75.83,1.4,1.892,1.699,0.51,3.363,3e-06,0.13,3.04
3fcq,27,2.77,475,14,96,3,1,0,0,71.33,69.32,-2.01,1.798,1.528,0.451,2.021,4e-06,0.07,2.59
4ddk,28,2.29,412,12,98,1,1,0,0,67.75,41.84,-25.91,1.574,1.059,0.877,3.333,3e-06,0.1,2.56
3pxf,29,4.43,397,21,99,3,1,0,0,46.56,47.1,0.54,1.926,2.128,0.37,1.778,2.1e-05,0.12,2.58
4k77,30,6.63,473,18,118,2,0,0,0,64.77,65.02,0.24,1.851,1.398,0.444,2.143,8e-06,0.08,2.48
4f09,31,6.7,443,19,110,1,0,0,0,48.5,51.93,3.44,1.93,1.38,0.443,2.767,3e-06,0.11,3.02
2brb,32,4.86,436,25,95,5,0,0,0,63.73,63.27,-0.47,1.92,1.169,0.645,4.861,2e-06,0.13,2.87
3acw,33,4.76,606,21,138,2,1,0,0,57.53,52.45,-5.08,1.659,1.074,0.588,3.869,7e-06,0.12,4.07
1bcu,34,3.28,391,16,73,0,2,0,0,66.99,56.79,-10.2,1.77,1.086,0.5,3.024,4e-06,0.1,2.08
3u9q,35,4.38,586,12,150,8,5,0,0,91.54,103.15,11.61,1.493,1.002,0.427,2.778,3e-06,0.11,4.44
3uo4,36,6.52,487,29,117,6,1,0,0,90.35,81.21,-9.15,1.819,1.041,0.823,4.223,5e-06,0.11,3.38
3kgp,37,2.57,416,11,72,2,1,0,0,60.63,45.58,-15.06,1.934,1.409,0.418,2.14,8e-06,0.1,2.15
4jsz,38,2.3,204,10,36,1,0,0,0,29.92,27.41,-2.51,1.968,1.534,0.352,1.44,3e-06,0.07,1.02
2xdl,39,3.1,508,16,114,5,0,0,0,61.02,59.48,-1.54,1.631,1.158,0.802,4.447,9e-06,0.11,3.31
1z95,40,7.12,749,29,178,8,2,0,0,123.7,122.73,-0.96,1.707,1.074,0.555,4.046,5e-06,0.15,6.11
4u4s,41,2.92,472,14,106,1,12,0,0,186.69,72.62,-114.07,1.026,0.55,0.33,1.82,4e-06,0.11,2.99
3g2z,42,2.36,372,13,80,2,2,1,0,99.5,65.34,-34.16,1.884,1.452,0.399,1.896,4e-06,0.1,2.27
1vso,43,4.72,552,21,119,7,13,1,0,142.35,52.45,-89.9,1.521,1.585,0.324,1.851,5e-06,0.12,3.67
4mgd,44,4.69,611,19,143,3,0,0,0,47.04,47.56,0.52,1.47,0.907,0.347,2.525,3e-06,0.12,4.07
2y5h,45,5.79,986,59,116,9,28,3,3,-17.38,31.78,49.15,1.703,1.687,0.222,1.23,4e-06,0.17,5.86
1nc3,46,5.0,602,19,121,2,2,0,0,153.81,133.37,-20.45,1.824,0.978,0.726,5.372,5e-06,0.13,3.78
1uto,47,2.27,735,9,91,2,5,0,0,21.03,-6.06,-27.08,1.766,1.343,0.378,2.212,1.1e-05,0.14,3.42
2yge,48,5.06,1504,80,270,14,21,2,1,27.4,-54.4,-81.8,1.85,0.655,0.409,3.51,7e-06,0.31,16.53
4kzq,49,6.1,489,18,100,1,1,0,0,45.5,42.76,-2.75,1.667,1.413,0.65,4.339,4e-06,0.12,2.91
2ymd,50,3.16,517,13,101,2,6,1,0,190.07,84.15,-105.92,1.215,0.743,0.551,2.43,3e-06,0.12,3.09
